Datetime,Water Level (m)
2025-06-01 00:00:00,-0.35368076
2025-06-01 01:00:00,-0.4199968
2025-06-01 02:00:00,-0.29987428
2025-06-01 03:00:00,-0.018805014
2025-06-01 04:00:00,0.33367738
2025-06-01 05:00:00,0.6979738
2025-06-01 06:00:00,0.9911101
2025-06-01 07:00:00,1.1607994
2025-06-01 08:00:00,1.1309478
2025-06-01 09:00:00,0.8488748
2025-06-01 10:00:00,0.45406288
2025-06-01 11:00:00,0.100724116
2025-06-01 12:00:00,-0.17690443
2025-06-01 13:00:00,-0.35524607
2025-06-01 14:00:00,-0.3865346
2025-06-01 15:00:00,-0.26791877
2025-06-01 16:00:00,-0.04592287
2025-06-01 17:00:00,0.24304737
2025-06-01 18:00:00,0.51749074
2025-06-01 19:00:00,0.738247
2025-06-01 20:00:00,0.8046695
2025-06-01 21:00:00,0.7305121
2025-06-01 22:00:00,0.4855966
2025-06-01 23:00:00,0.18268108
2025-06-02 00:00:00,-0.06829728
2025-06-02 01:00:00,-0.25655222
2025-06-02 02:00:00,-0.26813456
2025-06-02 03:00:00,-0.13888967
2025-06-02 04:00:00,0.082092956
2025-06-02 05:00:00,0.39159042
2025-06-02 06:00:00,0.6626458
2025-06-02 07:00:00,0.88881934
2025-06-02 08:00:00,0.99547166
2025-06-02 09:00:00,0.9456549
2025-06-02 10:00:00,0.7057006
2025-06-02 11:00:00,0.37289244
2025-06-02 12:00:00,0.07532759
2025-06-02 13:00:00,-0.17874998
2025-06-02 14:00:00,-0.34247726
2025-06-02 15:00:00,-0.36170536
2025-06-02 16:00:00,-0.26240283
2025-06-02 17:00:00,-0.06667757
2025-06-02 18:00:00,0.18973611
2025-06-02 19:00:00,0.41997975
2025-06-02 20:00:00,0.5776982
2025-06-02 21:00:00,0.65875447
2025-06-02 22:00:00,0.605069
2025-06-02 23:00:00,0.40091115
2025-06-03 00:00:00,0.15093169
2025-06-03 01:00:00,-0.062213495
2025-06-03 02:00:00,-0.19785759
2025-06-03 03:00:00,-0.22516716
2025-06-03 04:00:00,-0.11522238
2025-06-03 05:00:00,0.077874675
2025-06-03 06:00:00,0.33467156
2025-06-03 07:00:00,0.5750079
2025-06-03 08:00:00,0.757783
2025-06-03 09:00:00,0.8481929
2025-06-03 10:00:00,0.79251254
2025-06-03 11:00:00,0.5787126
2025-06-03 12:00:00,0.29779243
2025-06-03 13:00:00,0.030491117
2025-06-03 14:00:00,-0.19325998
2025-06-03 15:00:00,-0.33705634
2025-06-03 16:00:00,-0.36332408
2025-06-03 17:00:00,-0.2598613
2025-06-03 18:00:00,-0.0636929
2025-06-03 19:00:00,0.19316404
2025-06-03 20:00:00,0.39903113
2025-06-03 21:00:00,0.5457694
2025-06-03 22:00:00,0.6192436
2025-06-03 23:00:00,0.5813795
2025-06-04 00:00:00,0.41439387
2025-06-04 01:00:00,0.19411321
2025-06-04 02:00:00,-0.0051975697
2025-06-04 03:00:00,-0.13856459
2025-06-04 04:00:00,-0.1845853
2025-06-04 05:00:00,-0.122376025
2025-06-04 06:00:00,0.048869427
2025-06-04 07:00:00,0.27160475
2025-06-04 08:00:00,0.48250347
2025-06-04 09:00:00,0.6486889
2025-06-04 10:00:00,0.7250281
2025-06-04 11:00:00,0.6789674
2025-06-04 12:00:00,0.48562968
2025-06-04 13:00:00,0.23389773
2025-06-04 14:00:00,-0.024557829
2025-06-04 15:00:00,-0.24151747
2025-06-04 16:00:00,-0.37327597
2025-06-04 17:00:00,-0.38503456
2025-06-04 18:00:00,-0.29634362
2025-06-04 19:00:00,-0.10297064
2025-06-04 20:00:00,0.14552778
2025-06-04 21:00:00,0.37267447
2025-06-04 22:00:00,0.5494283
2025-06-04 23:00:00,0.6501795
2025-06-05 00:00:00,0.6367218
2025-06-05 01:00:00,0.48712197
2025-06-05 02:00:00,0.25016445
2025-06-05 03:00:00,0.016484067
2025-06-05 04:00:00,-0.13087663
2025-06-05 05:00:00,-0.18005155
2025-06-05 06:00:00,-0.13002717
2025-06-05 07:00:00,0.0077695185
2025-06-05 08:00:00,0.22039638
2025-06-05 09:00:00,0.43509507
2025-06-05 10:00:00,0.60066724
2025-06-05 11:00:00,0.68493336
2025-06-05 12:00:00,0.6571776
2025-06-05 13:00:00,0.47670743
2025-06-05 14:00:00,0.20520398
2025-06-05 15:00:00,-0.065291665
2025-06-05 16:00:00,-0.28544116
2025-06-05 17:00:00,-0.41311687
2025-06-05 18:00:00,-0.40813336
2025-06-05 19:00:00,-0.28793046
2025-06-05 20:00:00,-0.07033605
2025-06-05 21:00:00,0.20477694
2025-06-05 22:00:00,0.44365692
2025-06-05 23:00:00,0.63565886
2025-06-06 00:00:00,0.7404087
2025-06-06 01:00:00,0.7278083
2025-06-06 02:00:00,0.54693544
2025-06-06 03:00:00,0.27608627
2025-06-06 04:00:00,0.01853156
2025-06-06 05:00:00,-0.15171322
2025-06-06 06:00:00,-0.21510959
2025-06-06 07:00:00,-0.17099902
2025-06-06 08:00:00,-0.025243515
2025-06-06 09:00:00,0.20048565
2025-06-06 10:00:00,0.42549467
2025-06-06 11:00:00,0.5863487
2025-06-06 12:00:00,0.66955245
2025-06-06 13:00:00,0.62953895
2025-06-06 14:00:00,0.427184
2025-06-06 15:00:00,0.14775117
2025-06-06 16:00:00,-0.13286327
2025-06-06 17:00:00,-0.3610065
2025-06-06 18:00:00,-0.49017856
2025-06-06 19:00:00,-0.45264137
2025-06-06 20:00:00,-0.29638672
2025-06-06 21:00:00,-0.016444989
2025-06-06 22:00:00,0.28900385
2025-06-06 23:00:00,0.55099475
2025-06-07 00:00:00,0.7461154
